<?xml version="1.0" encoding="UTF-8"?>
<beans xmlns="http://www.springframework.org/schema/beans"
       xmlns:xsi="http://www.w3.org/2001/XMLSchema-instance"
       xmlns:p="http://www.springframework.org/schema/p"
       xmlns:context="http://www.springframework.org/schema/context"
       xmlns:mvc="http://www.springframework.org/schema/mvc"
       xsi:schemaLocation="http://www.springframework.org/schema/beans http://www.springframework.org/schema/beans/spring-beans-3.0.xsd
        http://www.springframework.org/schema/mvc http://www.springframework.org/schema/mvc/spring-mvc-3.0.xsd
        http://www.springframework.org/schema/context http://www.springframework.org/schema/context/spring-context-3.0.xsd">


    <mvc:annotation-driven />
    
	<!--  컨트롤러등을 찾는 기본 패키지 경로  -->
	<context:component-scan base-package="gu" />
	
	<bean class="org.springframework.web.servlet.view.InternalResourceViewResolver">
		<property name="prefix"><value>/WEB-INF/jsp/</value></property>
		<property name="suffix"><value>.jsp</value></property>
	</bean>
	
	<mvc:resources mapping="/js/**" location="/js/" />
	
	<bean id="multipartResolver" class="org.springframework.web.multipart.commons.CommonsMultipartResolver">
        <property name="maxUploadSize" value="100000000" />
        <property name="maxInMemorySize" value="100000000" />
    </bean>
    	    
</beans>
